{
  "best_alpha_ridge": 14.563484775012444,
  "best_alpha_lasso": 138.9495494373136,
  "ridge_rmse_cv": 33042.22437265117,
  "lasso_rmse_cv": 31567.206937142975,
  "ridge_top": [
    [
      "Neighborhood_NoRidge",
      28331.71163269879
    ],
    [
      "Neighborhood_StoneBr",
      23872.972516974092
    ],
    [
      "RoofMatl_ClyTile",
      -22602.71207988804
    ],
    [
      "RoofMatl_WdShngl",
      21324.139310839902
    ],
    [
      "Neighborhood_NridgHt",
      19191.708514339265
    ],
    [
      "Condition2_PosN",
      -17535.067429152827
    ],
    [
      "KitchenQual_Ex",
      16930.16768427799
    ],
    [
      "BsmtQual_Ex",
      15503.899708127898
    ],
    [
      "Neighborhood_Edwards",
      -14882.341425649654
    ],
    [
      "PoolQC_Ex",
      14086.375637029649
    ]
  ],
  "lasso_top": [
    [
      "RoofMatl_ClyTile",
      -293450.296624954
    ],
    [
      "Condition2_PosN",
      -78503.50367048502
    ],
    [
      "Neighborhood_NoRidge",
      39832.423582177806
    ],
    [
      "RoofMatl_WdShngl",
      39140.19135523638
    ],
    [
      "Neighborhood_StoneBr",
      36868.10564751339
    ],
    [
      "KitchenQual_Ex",
      26010.395834605257
    ],
    [
      "Neighborhood_NridgHt",
      24282.47526134918
    ],
    [
      "BsmtQual_Ex",
      23067.51778464374
    ],
    [
      "GrLivArea",
      21717.879724135746
    ],
    [
      "Neighborhood_Crawfor",
      17174.62298260797
    ]
  ],
  "top5_lasso_removed": [
    "RoofMatl_ClyTile",
    "Condition2_PosN",
    "Neighborhood_NoRidge",
    "RoofMatl_WdShngl",
    "Neighborhood_StoneBr"
  ],
  "lasso_retrained_top": [
    [
      "BsmtQual_Ex",
      28396.330077116276
    ],
    [
      "KitchenQual_Ex",
      27314.885290084367
    ],
    [
      "GrLivArea",
      23715.353727267026
    ],
    [
      "OverallQual",
      16413.451262640938
    ],
    [
      "BsmtExposure_Gd",
      12533.681758884284
    ],
    [
      "Condition1_Norm",
      10948.947297142802
    ],
    [
      "SaleType_New",
      9910.634360778107
    ],
    [
      "Exterior1st_BrkFace",
      9835.731137166433
    ],
    [
      "LandContour_Bnk",
      -8457.050047239156
    ],
    [
      "ExterQual_TA",
      -7710.179009207745
    ]
  ]
}